Fecha del Sorteo,Juega,Hora,Números Ganadores,Sorteo
5/1/2026,Loto Diaria,9:00 PM,73,12745
5/1/2026,Loto Diaria,6:00 PM,41,12744
5/1/2026,Loto Diaria,3:00 PM,85,12743
5/1/2026,Loto Diaria,12:00 PM,79,12742
4/30/2026,Loto Diaria,9:00 PM,17,12741
4/30/2026,Loto Diaria,6:00 PM,79,12740
4/30/2026,Loto Diaria,3:00 PM,21,12739
4/30/2026,Loto Diaria,12:00 PM,32,12738
4/29/2026,Loto Diaria,9:00 PM,49,12737
4/29/2026,Loto Diaria,6:00 PM,65,12736
4/29/2026,Loto Diaria,3:00 PM,57,12735
4/29/2026,Loto Diaria,12:00 PM,81,12734
4/28/2026,Loto Diaria,9:00 PM,38,12733
4/28/2026,Loto Diaria,6:00 PM,30,12732
4/28/2026,Loto Diaria,3:00 PM,7,12731
4/28/2026,Loto Diaria,12:00 PM,70,12730
4/27/2026,Loto Diaria,9:00 PM,25,12729
4/27/2026,Loto Diaria,6:00 PM,72,12728
4/27/2026,Loto Diaria,3:00 PM,55,12727
4/27/2026,Loto Diaria,12:00 PM,39,12726
4/26/2026,Loto Diaria,9:00 PM,19,12725
4/26/2026,Loto Diaria,6:00 PM,47,12724
4/26/2026,Loto Diaria,3:00 PM,83,12723
4/26/2026,Loto Diaria,12:00 PM,56,12722
4/25/2026,Loto Diaria,9:00 PM,50,12721
4/25/2026,Loto Diaria,6:00 PM,20,12720
4/25/2026,Loto Diaria,3:00 PM,15,12719
4/25/2026,Loto Diaria,12:00 PM,87,12718
4/24/2026,Loto Diaria,9:00 PM,57,12717
4/24/2026,Loto Diaria,6:00 PM,43,12716
4/24/2026,Loto Diaria,3:00 PM,81,12715
4/24/2026,Loto Diaria,12:00 PM,50,12714
4/23/2026,Loto Diaria,9:00 PM,82,12713
4/23/2026,Loto Diaria,6:00 PM,91,12712
4/23/2026,Loto Diaria,3:00 PM,93,12711
4/23/2026,Loto Diaria,12:00 PM,70,12710
4/22/2026,Loto Diaria,9:00 PM,26,12709
4/22/2026,Loto Diaria,6:00 PM,60,12708
4/22/2026,Loto Diaria,3:00 PM,90,12707
4/22/2026,Loto Diaria,12:00 PM,28,12706
4/21/2026,Loto Diaria,9:00 PM,97,12705
4/21/2026,Loto Diaria,6:00 PM,17,12704
4/21/2026,Loto Diaria,3:00 PM,73,12703
4/21/2026,Loto Diaria,12:00 PM,97,12702
4/20/2026,Loto Diaria,9:00 PM,21,12701
4/20/2026,Loto Diaria,6:00 PM,11,12700
4/20/2026,Loto Diaria,3:00 PM,5,12699
4/20/2026,Loto Diaria,12:00 PM,83,12698
4/19/2026,Loto Diaria,9:00 PM,82,12697
4/19/2026,Loto Diaria,6:00 PM,31,12696
4/19/2026,Loto Diaria,3:00 PM,87,12695
4/19/2026,Loto Diaria,12:00 PM,31,12694
4/18/2026,Loto Diaria,9:00 PM,39,12693
4/18/2026,Loto Diaria,6:00 PM,75,12692
4/18/2026,Loto Diaria,3:00 PM,57,12691
4/18/2026,Loto Diaria,12:00 PM,68,12690
4/17/2026,Loto Diaria,9:00 PM,61,12689
4/17/2026,Loto Diaria,6:00 PM,79,12688
4/17/2026,Loto Diaria,3:00 PM,96,12687
4/17/2026,Loto Diaria,12:00 PM,43,12686
4/16/2026,Loto Diaria,9:00 PM,76,12685
4/16/2026,Loto Diaria,6:00 PM,77,12684
4/16/2026,Loto Diaria,3:00 PM,97,12683
4/16/2026,Loto Diaria,12:00 PM,5,12682
4/15/2026,Loto Diaria,9:00 PM,45,12681
4/15/2026,Loto Diaria,6:00 PM,4,12680
4/15/2026,Loto Diaria,3:00 PM,96,12679
4/15/2026,Loto Diaria,12:00 PM,17,12678
4/14/2026,Loto Diaria,9:00 PM,59,12677
4/14/2026,Loto Diaria,6:00 PM,41,12676
4/14/2026,Loto Diaria,3:00 PM,67,12675
4/14/2026,Loto Diaria,12:00 PM,38,12674
4/13/2026,Loto Diaria,9:00 PM,68,12673
4/13/2026,Loto Diaria,6:00 PM,60,12672
4/13/2026,Loto Diaria,3:00 PM,32,12671
4/13/2026,Loto Diaria,12:00 PM,84,12670
4/12/2026,Loto Diaria,9:00 PM,45,12669
4/12/2026,Loto Diaria,6:00 PM,30,12668
4/12/2026,Loto Diaria,3:00 PM,49,12667
4/12/2026,Loto Diaria,12:00 PM,1,12666
4/11/2026,Loto Diaria,9:00 PM,23,12665
4/11/2026,Loto Diaria,6:00 PM,37,12664
4/11/2026,Loto Diaria,3:00 PM,15,12663
4/11/2026,Loto Diaria,12:00 PM,33,12662
4/10/2026,Loto Diaria,9:00 PM,40,12661
4/10/2026,Loto Diaria,6:00 PM,4,12660
4/10/2026,Loto Diaria,3:00 PM,78,12659
4/10/2026,Loto Diaria,12:00 PM,41,12658
4/9/2026,Loto Diaria,9:00 PM,60,12657
4/9/2026,Loto Diaria,6:00 PM,23,12656
4/9/2026,Loto Diaria,3:00 PM,44,12655
4/9/2026,Loto Diaria,12:00 PM,62,12654
4/8/2026,Loto Diaria,9:00 PM,10,12653
4/8/2026,Loto Diaria,6:00 PM,73,12652
4/8/2026,Loto Diaria,3:00 PM,6,12651
4/8/2026,Loto Diaria,12:00 PM,21,12650
4/7/2026,Loto Diaria,9:00 PM,35,12649
4/7/2026,Loto Diaria,6:00 PM,54,12648
4/7/2026,Loto Diaria,3:00 PM,33,12647
4/7/2026,Loto Diaria,12:00 PM,68,12646
4/6/2026,Loto Diaria,9:00 PM,75,12645
4/6/2026,Loto Diaria,6:00 PM,7,12644
4/6/2026,Loto Diaria,3:00 PM,50,12643
4/6/2026,Loto Diaria,12:00 PM,89,12642
4/5/2026,Loto Diaria,9:00 PM,43,12641
4/5/2026,Loto Diaria,6:00 PM,78,12640
4/5/2026,Loto Diaria,3:00 PM,6,12639
4/5/2026,Loto Diaria,12:00 PM,92,12638
4/4/2026,Loto Diaria,9:00 PM,76,12637
4/4/2026,Loto Diaria,6:00 PM,18,12636
4/4/2026,Loto Diaria,3:00 PM,24,12635
4/4/2026,Loto Diaria,12:00 PM,31,12634
4/3/2026,Loto Diaria,9:00 PM,92,12633
4/3/2026,Loto Diaria,6:00 PM,93,12632
4/3/2026,Loto Diaria,3:00 PM,95,12631
4/3/2026,Loto Diaria,12:00 PM,34,12630
4/2/2026,Loto Diaria,9:00 PM,74,12629
4/2/2026,Loto Diaria,6:00 PM,51,12628
4/2/2026,Loto Diaria,3:00 PM,86,12627
4/2/2026,Loto Diaria,12:00 PM,13,12626
4/1/2026,Loto Diaria,9:00 PM,26,12625
4/1/2026,Loto Diaria,6:00 PM,64,12624
4/1/2026,Loto Diaria,3:00 PM,14,12623
4/1/2026,Loto Diaria,12:00 PM,65,12622
3/31/2026,Loto Diaria,9:00 PM,59,12621
3/31/2026,Loto Diaria,6:00 PM,33,12620
3/31/2026,Loto Diaria,3:00 PM,73,12619
3/31/2026,Loto Diaria,12:00 PM,27,12618
3/30/2026,Loto Diaria,9:00 PM,88,12617
3/30/2026,Loto Diaria,6:00 PM,72,12616
3/30/2026,Loto Diaria,3:00 PM,21,12615
3/30/2026,Loto Diaria,12:00 PM,93,12614
3/29/2026,Loto Diaria,9:00 PM,39,12613
3/29/2026,Loto Diaria,6:00 PM,65,12612
3/29/2026,Loto Diaria,3:00 PM,46,12611
3/29/2026,Loto Diaria,12:00 PM,42,12610
3/28/2026,Loto Diaria,9:00 PM,27,12609
3/28/2026,Loto Diaria,6:00 PM,11,12608
3/28/2026,Loto Diaria,3:00 PM,85,12607
3/28/2026,Loto Diaria,12:00 PM,22,12606
3/27/2026,Loto Diaria,9:00 PM,2,12605
3/27/2026,Loto Diaria,6:00 PM,49,12604
3/27/2026,Loto Diaria,3:00 PM,39,12603
3/27/2026,Loto Diaria,12:00 PM,61,12602
3/26/2026,Loto Diaria,9:00 PM,63,12601
3/26/2026,Loto Diaria,6:00 PM,60,12600
3/26/2026,Loto Diaria,3:00 PM,20,12599
3/26/2026,Loto Diaria,12:00 PM,64,12598
3/25/2026,Loto Diaria,9:00 PM,81,12597
3/25/2026,Loto Diaria,6:00 PM,55,12596
3/25/2026,Loto Diaria,3:00 PM,31,12595
3/25/2026,Loto Diaria,12:00 PM,8,12594
3/24/2026,Loto Diaria,9:00 PM,65,12593
3/24/2026,Loto Diaria,6:00 PM,94,12592
3/24/2026,Loto Diaria,3:00 PM,12,12591
3/24/2026,Loto Diaria,12:00 PM,11,12590
3/23/2026,Loto Diaria,9:00 PM,29,12589
3/23/2026,Loto Diaria,6:00 PM,12,12588
3/23/2026,Loto Diaria,3:00 PM,93,12587
3/23/2026,Loto Diaria,12:00 PM,12,12586
3/22/2026,Loto Diaria,9:00 PM,61,12585
3/22/2026,Loto Diaria,6:00 PM,59,12584
3/22/2026,Loto Diaria,3:00 PM,35,12583
3/22/2026,Loto Diaria,12:00 PM,66,12582
3/21/2026,Loto Diaria,9:00 PM,53,12581
3/21/2026,Loto Diaria,6:00 PM,43,12580
3/21/2026,Loto Diaria,3:00 PM,29,12579
3/21/2026,Loto Diaria,12:00 PM,26,12578
3/20/2026,Loto Diaria,9:00 PM,99,12577
3/20/2026,Loto Diaria,6:00 PM,49,12576
3/20/2026,Loto Diaria,3:00 PM,16,12575
3/20/2026,Loto Diaria,12:00 PM,97,12574
3/19/2026,Loto Diaria,9:00 PM,40,12573
3/19/2026,Loto Diaria,6:00 PM,85,12572
3/19/2026,Loto Diaria,3:00 PM,28,12571
3/19/2026,Loto Diaria,12:00 PM,29,12570
3/18/2026,Loto Diaria,9:00 PM,39,12569
3/18/2026,Loto Diaria,6:00 PM,71,12568
3/18/2026,Loto Diaria,3:00 PM,76,12567
3/18/2026,Loto Diaria,12:00 PM,93,12566
3/17/2026,Loto Diaria,9:00 PM,1,12565
3/17/2026,Loto Diaria,6:00 PM,36,12564
3/17/2026,Loto Diaria,3:00 PM,73,12563
3/17/2026,Loto Diaria,12:00 PM,61,12562
3/16/2026,Loto Diaria,9:00 PM,59,12561
3/16/2026,Loto Diaria,6:00 PM,24,12560
3/16/2026,Loto Diaria,3:00 PM,86,12559
3/16/2026,Loto Diaria,12:00 PM,42,12558
3/15/2026,Loto Diaria,9:00 PM,65,12557
3/15/2026,Loto Diaria,6:00 PM,1,12556
3/15/2026,Loto Diaria,3:00 PM,42,12555
3/15/2026,Loto Diaria,12:00 PM,48,12554
3/14/2026,Loto Diaria,9:00 PM,11,12553
3/14/2026,Loto Diaria,6:00 PM,98,12552
3/14/2026,Loto Diaria,3:00 PM,82,12551
3/14/2026,Loto Diaria,12:00 PM,84,12550
3/13/2026,Loto Diaria,9:00 PM,70,12549
3/13/2026,Loto Diaria,6:00 PM,71,12548
3/13/2026,Loto Diaria,3:00 PM,88,12547
3/13/2026,Loto Diaria,12:00 PM,60,12546
3/12/2026,Loto Diaria,9:00 PM,93,12545
3/12/2026,Loto Diaria,6:00 PM,59,12544
3/12/2026,Loto Diaria,3:00 PM,60,12543
3/12/2026,Loto Diaria,12:00 PM,88,12542
3/11/2026,Loto Diaria,9:00 PM,56,12541
3/11/2026,Loto Diaria,6:00 PM,48,12540
3/11/2026,Loto Diaria,3:00 PM,38,12539
3/11/2026,Loto Diaria,12:00 PM,25,12538
3/10/2026,Loto Diaria,9:00 PM,93,12537
3/10/2026,Loto Diaria,6:00 PM,16,12536
3/10/2026,Loto Diaria,3:00 PM,22,12535
3/10/2026,Loto Diaria,12:00 PM,29,12534
3/9/2026,Loto Diaria,9:00 PM,82,12533
3/9/2026,Loto Diaria,6:00 PM,4,12532
3/9/2026,Loto Diaria,3:00 PM,11,12531
3/9/2026,Loto Diaria,12:00 PM,40,12530
3/8/2026,Loto Diaria,9:00 PM,36,12529
3/8/2026,Loto Diaria,6:00 PM,72,12528
3/8/2026,Loto Diaria,3:00 PM,74,12527
3/8/2026,Loto Diaria,12:00 PM,19,12526
3/7/2026,Loto Diaria,9:00 PM,8,12525
3/7/2026,Loto Diaria,6:00 PM,13,12524
3/7/2026,Loto Diaria,3:00 PM,18,12523
3/7/2026,Loto Diaria,12:00 PM,1,12522
3/6/2026,Loto Diaria,9:00 PM,51,12521
3/6/2026,Loto Diaria,6:00 PM,39,12520
3/6/2026,Loto Diaria,3:00 PM,88,12519
3/6/2026,Loto Diaria,12:00 PM,69,12518
3/5/2026,Loto Diaria,9:00 PM,56,12517
3/5/2026,Loto Diaria,6:00 PM,12,12516
3/5/2026,Loto Diaria,3:00 PM,25,12515
3/5/2026,Loto Diaria,12:00 PM,64,12514
3/4/2026,Loto Diaria,9:00 PM,71,12513
3/4/2026,Loto Diaria,6:00 PM,97,12512
3/4/2026,Loto Diaria,3:00 PM,46,12511
3/4/2026,Loto Diaria,12:00 PM,53,12510
3/3/2026,Loto Diaria,9:00 PM,5,12509
3/3/2026,Loto Diaria,6:00 PM,44,12508
3/3/2026,Loto Diaria,3:00 PM,30,12507
3/3/2026,Loto Diaria,12:00 PM,8,12506
3/2/2026,Loto Diaria,9:00 PM,6,12505
3/2/2026,Loto Diaria,6:00 PM,37,12504
3/2/2026,Loto Diaria,3:00 PM,53,12503
3/2/2026,Loto Diaria,12:00 PM,35,12502
3/1/2026,Loto Diaria,9:00 PM,67,12501
3/1/2026,Loto Diaria,6:00 PM,61,12500
3/1/2026,Loto Diaria,3:00 PM,52,12499
3/1/2026,Loto Diaria,12:00 PM,40,12498
2/28/2026,Loto Diaria,9:00 PM,59,12497
2/28/2026,Loto Diaria,6:00 PM,92,12496
2/28/2026,Loto Diaria,3:00 PM,31,12495
2/28/2026,Loto Diaria,12:00 PM,25,12494
2/27/2026,Loto Diaria,9:00 PM,94,12493
2/27/2026,Loto Diaria,6:00 PM,93,12492
2/27/2026,Loto Diaria,3:00 PM,39,12491
2/27/2026,Loto Diaria,12:00 PM,10,12490
2/26/2026,Loto Diaria,9:00 PM,31,12489
2/26/2026,Loto Diaria,6:00 PM,82,12488
2/26/2026,Loto Diaria,3:00 PM,20,12487
2/26/2026,Loto Diaria,12:00 PM,88,12486
2/25/2026,Loto Diaria,9:00 PM,30,12485
2/25/2026,Loto Diaria,6:00 PM,18,12484
2/25/2026,Loto Diaria,3:00 PM,5,12483
2/25/2026,Loto Diaria,12:00 PM,95,12482
2/24/2026,Loto Diaria,9:00 PM,90,12481
2/24/2026,Loto Diaria,6:00 PM,60,12480
2/24/2026,Loto Diaria,3:00 PM,74,12479
2/24/2026,Loto Diaria,12:00 PM,43,12478
2/23/2026,Loto Diaria,9:00 PM,64,12477
2/23/2026,Loto Diaria,6:00 PM,11,12476
2/23/2026,Loto Diaria,3:00 PM,79,12475
2/23/2026,Loto Diaria,12:00 PM,49,12474
2/22/2026,Loto Diaria,9:00 PM,19,12473
2/22/2026,Loto Diaria,6:00 PM,73,12472
2/22/2026,Loto Diaria,3:00 PM,88,12471
2/22/2026,Loto Diaria,12:00 PM,7,12470
2/21/2026,Loto Diaria,9:00 PM,52,12469
2/21/2026,Loto Diaria,6:00 PM,30,12468
2/21/2026,Loto Diaria,3:00 PM,58,12467
2/21/2026,Loto Diaria,12:00 PM,27,12466
2/20/2026,Loto Diaria,9:00 PM,17,12465
2/20/2026,Loto Diaria,6:00 PM,70,12464
2/20/2026,Loto Diaria,3:00 PM,99,12463
2/20/2026,Loto Diaria,12:00 PM,94,12462
2/19/2026,Loto Diaria,9:00 PM,87,12461
2/19/2026,Loto Diaria,6:00 PM,87,12460
2/19/2026,Loto Diaria,3:00 PM,19,12459
2/19/2026,Loto Diaria,12:00 PM,53,12458
2/18/2026,Loto Diaria,9:00 PM,54,12457
2/18/2026,Loto Diaria,6:00 PM,88,12456
2/18/2026,Loto Diaria,3:00 PM,74,12455
2/18/2026,Loto Diaria,12:00 PM,59,12454
2/17/2026,Loto Diaria,9:00 PM,43,12453
2/17/2026,Loto Diaria,6:00 PM,34,12452
2/17/2026,Loto Diaria,3:00 PM,28,12451
2/17/2026,Loto Diaria,12:00 PM,77,12450
2/16/2026,Loto Diaria,9:00 PM,34,12449
2/16/2026,Loto Diaria,6:00 PM,26,12448
2/16/2026,Loto Diaria,3:00 PM,68,12447
2/16/2026,Loto Diaria,12:00 PM,77,12446
2/15/2026,Loto Diaria,9:00 PM,19,12445
2/15/2026,Loto Diaria,6:00 PM,11,12444
2/15/2026,Loto Diaria,3:00 PM,26,12443
2/15/2026,Loto Diaria,12:00 PM,52,12442
2/14/2026,Loto Diaria,9:00 PM,52,12441
2/14/2026,Loto Diaria,6:00 PM,5,12440
2/14/2026,Loto Diaria,3:00 PM,76,12439
2/14/2026,Loto Diaria,12:00 PM,52,12438
2/13/2026,Loto Diaria,9:00 PM,35,12437
2/13/2026,Loto Diaria,6:00 PM,32,12436
2/13/2026,Loto Diaria,3:00 PM,54,12435
2/13/2026,Loto Diaria,12:00 PM,12,12434
2/12/2026,Loto Diaria,9:00 PM,38,12433
2/12/2026,Loto Diaria,6:00 PM,66,12432
2/12/2026,Loto Diaria,3:00 PM,78,12431
2/12/2026,Loto Diaria,12:00 PM,36,12430
2/11/2026,Loto Diaria,9:00 PM,60,12429
2/11/2026,Loto Diaria,6:00 PM,87,12428
2/11/2026,Loto Diaria,3:00 PM,44,12427
2/11/2026,Loto Diaria,12:00 PM,6,12426
2/10/2026,Loto Diaria,9:00 PM,60,12425
2/10/2026,Loto Diaria,6:00 PM,25,12424
2/10/2026,Loto Diaria,3:00 PM,87,12423
2/10/2026,Loto Diaria,12:00 PM,99,12422
2/9/2026,Loto Diaria,9:00 PM,97,12421
2/9/2026,Loto Diaria,6:00 PM,66,12420
2/9/2026,Loto Diaria,3:00 PM,0,12419
2/9/2026,Loto Diaria,12:00 PM,0,12418
2/8/2026,Loto Diaria,9:00 PM,64,12417
2/8/2026,Loto Diaria,6:00 PM,21,12416
2/8/2026,Loto Diaria,3:00 PM,53,12415
2/8/2026,Loto Diaria,12:00 PM,40,12414
2/7/2026,Loto Diaria,9:00 PM,58,12413
2/7/2026,Loto Diaria,6:00 PM,77,12412
2/7/2026,Loto Diaria,3:00 PM,82,12411
2/7/2026,Loto Diaria,12:00 PM,70,12410
2/6/2026,Loto Diaria,9:00 PM,90,12409
2/6/2026,Loto Diaria,6:00 PM,9,12408
2/6/2026,Loto Diaria,3:00 PM,51,12407
2/6/2026,Loto Diaria,12:00 PM,87,12406
2/5/2026,Loto Diaria,9:00 PM,77,12405
2/5/2026,Loto Diaria,6:00 PM,4,12404
2/5/2026,Loto Diaria,3:00 PM,19,12403
2/5/2026,Loto Diaria,12:00 PM,43,12402
2/4/2026,Loto Diaria,9:00 PM,55,12401
2/4/2026,Loto Diaria,6:00 PM,96,12400
2/4/2026,Loto Diaria,3:00 PM,48,12399
2/4/2026,Loto Diaria,12:00 PM,66,12398
2/3/2026,Loto Diaria,9:00 PM,60,12397
2/3/2026,Loto Diaria,6:00 PM,3,12396
2/3/2026,Loto Diaria,3:00 PM,71,12395
2/3/2026,Loto Diaria,12:00 PM,10,12394
2/2/2026,Loto Diaria,9:00 PM,90,12393
2/2/2026,Loto Diaria,6:00 PM,56,12392
2/2/2026,Loto Diaria,3:00 PM,20,12391
2/2/2026,Loto Diaria,12:00 PM,66,12390
2/1/2026,Loto Diaria,9:00 PM,17,12389
2/1/2026,Loto Diaria,6:00 PM,48,12388
2/1/2026,Loto Diaria,3:00 PM,27,12387
2/1/2026,Loto Diaria,12:00 PM,73,12386
1/31/2026,Loto Diaria,9:00 PM,20,12385
1/31/2026,Loto Diaria,6:00 PM,7,12384
1/31/2026,Loto Diaria,3:00 PM,46,12383
1/31/2026,Loto Diaria,12:00 PM,98,12382
1/30/2026,Loto Diaria,9:00 PM,99,12381
1/30/2026,Loto Diaria,6:00 PM,43,12380
1/30/2026,Loto Diaria,3:00 PM,79,12379
1/30/2026,Loto Diaria,12:00 PM,70,12378
1/29/2026,Loto Diaria,9:00 PM,73,12377
1/29/2026,Loto Diaria,6:00 PM,53,12376
1/29/2026,Loto Diaria,3:00 PM,25,12375
1/29/2026,Loto Diaria,12:00 PM,57,12374
1/28/2026,Loto Diaria,9:00 PM,55,12373
1/28/2026,Loto Diaria,6:00 PM,94,12372
1/28/2026,Loto Diaria,3:00 PM,22,12371
1/28/2026,Loto Diaria,12:00 PM,89,12370
1/27/2026,Loto Diaria,9:00 PM,6,12369
1/27/2026,Loto Diaria,6:00 PM,9,12368
1/27/2026,Loto Diaria,3:00 PM,58,12367
1/27/2026,Loto Diaria,12:00 PM,37,12366
1/26/2026,Loto Diaria,9:00 PM,81,12365
1/26/2026,Loto Diaria,6:00 PM,22,12364
1/26/2026,Loto Diaria,3:00 PM,94,12363
1/26/2026,Loto Diaria,12:00 PM,38,12362
1/25/2026,Loto Diaria,9:00 PM,41,12361
1/25/2026,Loto Diaria,6:00 PM,92,12360
1/25/2026,Loto Diaria,3:00 PM,98,12359
1/25/2026,Loto Diaria,12:00 PM,18,12358
1/24/2026,Loto Diaria,9:00 PM,17,12357
1/24/2026,Loto Diaria,6:00 PM,79,12356
1/24/2026,Loto Diaria,3:00 PM,4,12355
1/24/2026,Loto Diaria,12:00 PM,52,12354
1/23/2026,Loto Diaria,9:00 PM,92,12353
1/23/2026,Loto Diaria,6:00 PM,89,12352
1/23/2026,Loto Diaria,3:00 PM,11,12351
1/23/2026,Loto Diaria,12:00 PM,35,12350
1/22/2026,Loto Diaria,9:00 PM,74,12349
1/22/2026,Loto Diaria,6:00 PM,21,12348
1/22/2026,Loto Diaria,3:00 PM,2,12347
1/22/2026,Loto Diaria,12:00 PM,29,12346
1/21/2026,Loto Diaria,9:00 PM,0,12345
1/21/2026,Loto Diaria,6:00 PM,78,12344
1/21/2026,Loto Diaria,3:00 PM,51,12343
1/21/2026,Loto Diaria,12:00 PM,96,12342
1/20/2026,Loto Diaria,9:00 PM,96,12341
1/20/2026,Loto Diaria,6:00 PM,72,12340
1/20/2026,Loto Diaria,3:00 PM,57,12339
1/20/2026,Loto Diaria,12:00 PM,87,12338
1/19/2026,Loto Diaria,9:00 PM,16,12337
1/19/2026,Loto Diaria,6:00 PM,54,12336
1/19/2026,Loto Diaria,3:00 PM,46,12335
1/19/2026,Loto Diaria,12:00 PM,10,12334
1/18/2026,Loto Diaria,9:00 PM,69,12333
1/18/2026,Loto Diaria,6:00 PM,99,12332
1/18/2026,Loto Diaria,3:00 PM,8,12331
1/18/2026,Loto Diaria,12:00 PM,62,12330
1/17/2026,Loto Diaria,9:00 PM,78,12329
1/17/2026,Loto Diaria,6:00 PM,64,12328
1/17/2026,Loto Diaria,3:00 PM,72,12327
1/17/2026,Loto Diaria,12:00 PM,18,12326
1/16/2026,Loto Diaria,9:00 PM,46,12325
1/16/2026,Loto Diaria,6:00 PM,56,12324
1/16/2026,Loto Diaria,3:00 PM,37,12323
1/16/2026,Loto Diaria,12:00 PM,93,12322
1/15/2026,Loto Diaria,9:00 PM,49,12321
1/15/2026,Loto Diaria,6:00 PM,53,12320
1/15/2026,Loto Diaria,3:00 PM,95,12319
1/15/2026,Loto Diaria,12:00 PM,95,12318
1/14/2026,Loto Diaria,9:00 PM,95,12317
1/14/2026,Loto Diaria,6:00 PM,62,12316
1/14/2026,Loto Diaria,3:00 PM,89,12315
1/14/2026,Loto Diaria,12:00 PM,67,12314
1/13/2026,Loto Diaria,9:00 PM,99,12313
1/13/2026,Loto Diaria,6:00 PM,74,12312
1/13/2026,Loto Diaria,3:00 PM,85,12311
1/13/2026,Loto Diaria,12:00 PM,41,12310
1/12/2026,Loto Diaria,9:00 PM,41,12309
1/12/2026,Loto Diaria,6:00 PM,55,12308
1/12/2026,Loto Diaria,3:00 PM,12,12307
1/12/2026,Loto Diaria,12:00 PM,63,12306
1/11/2026,Loto Diaria,9:00 PM,31,12305
1/11/2026,Loto Diaria,6:00 PM,4,12304
1/11/2026,Loto Diaria,3:00 PM,44,12303
1/11/2026,Loto Diaria,12:00 PM,46,12302
1/10/2026,Loto Diaria,9:00 PM,19,12301
1/10/2026,Loto Diaria,6:00 PM,24,12300
1/10/2026,Loto Diaria,3:00 PM,60,12299
1/10/2026,Loto Diaria,12:00 PM,1,12298
1/9/2026,Loto Diaria,9:00 PM,63,12297
1/9/2026,Loto Diaria,6:00 PM,40,12296
1/9/2026,Loto Diaria,3:00 PM,5,12295
1/9/2026,Loto Diaria,12:00 PM,4,12294
1/8/2026,Loto Diaria,9:00 PM,59,12293
1/8/2026,Loto Diaria,6:00 PM,49,12292
1/8/2026,Loto Diaria,3:00 PM,73,12291
1/8/2026,Loto Diaria,12:00 PM,55,12290
1/7/2026,Loto Diaria,9:00 PM,86,12289
1/7/2026,Loto Diaria,6:00 PM,57,12288
1/7/2026,Loto Diaria,3:00 PM,52,12287
1/7/2026,Loto Diaria,12:00 PM,90,12286
1/6/2026,Loto Diaria,9:00 PM,4,12285
1/6/2026,Loto Diaria,6:00 PM,45,12284
1/6/2026,Loto Diaria,3:00 PM,42,12283
1/6/2026,Loto Diaria,12:00 PM,85,12282
1/5/2026,Loto Diaria,9:00 PM,9,12281
1/5/2026,Loto Diaria,6:00 PM,47,12280
1/5/2026,Loto Diaria,3:00 PM,68,12279
1/5/2026,Loto Diaria,12:00 PM,41,12278
1/4/2026,Loto Diaria,9:00 PM,40,12277
1/4/2026,Loto Diaria,6:00 PM,2,12276
1/4/2026,Loto Diaria,3:00 PM,51,12275
1/4/2026,Loto Diaria,12:00 PM,77,12274
1/3/2026,Loto Diaria,9:00 PM,95,12273
1/3/2026,Loto Diaria,6:00 PM,83,12272
1/3/2026,Loto Diaria,3:00 PM,78,12271
1/3/2026,Loto Diaria,12:00 PM,33,12270
1/2/2026,Loto Diaria,9:00 PM,59,12269
1/2/2026,Loto Diaria,6:00 PM,0,12268
1/2/2026,Loto Diaria,3:00 PM,92,12267
1/2/2026,Loto Diaria,12:00 PM,58,12266
1/1/2026,Loto Diaria,9:00 PM,33,12265
1/1/2026,Loto Diaria,6:00 PM,34,12264
1/1/2026,Loto Diaria,3:00 PM,15,12263
1/1/2026,Loto Diaria,12:00 PM,0,12262
12/31/2025,Loto Diaria,3:00 PM,2,12259
12/31/2025,Loto Diaria,12:00 PM,57,12258
5/2/2026,Loto Diaria,9:00 PM,41,12749
5/2/2026,Loto Diaria,6:00 PM,19,12748
5/2/2026,Loto Diaria,3:00 PM,26,12747
5/2/2026,Loto Diaria,12:00 PM,83,12746
5/5/2026,Loto Diaria,9:00 PM,08,12761
5/5/2026,Loto Diaria,6:00 PM,42,12760
5/5/2026,Loto Diaria,3:00 PM,45,12759
5/5/2026,Loto Diaria,12:00 PM,81,12758
5/4/2026,Loto Diaria,9:00 PM,04,12757
5/4/2026,Loto Diaria,6:00 PM,28,12756
5/4/2026,Loto Diaria,3:00 PM,41,12755
5/4/2026,Loto Diaria,12:00 PM,94,12754
5/3/2026,Loto Diaria,9:00 PM,53,12753
5/3/2026,Loto Diaria,6:00 PM,88,12752
5/3/2026,Loto Diaria,3:00 PM,23,12751
5/3/2026,Loto Diaria,12:00 PM,02,12750
5/6/2026,Loto Diaria,9:00 PM,60,12765
5/6/2026,Loto Diaria,6:00 PM,58,12764
5/6/2026,Loto Diaria,3:00 PM,79,12763
5/6/2026,Loto Diaria,12:00 PM,10,12762
5/7/2026,Loto Diaria,9:00 PM,23,12769
5/7/2026,Loto Diaria,6:00 PM,02,12768
5/7/2026,Loto Diaria,3:00 PM,06,12767
5/7/2026,Loto Diaria,12:00 PM,39,12766
5/8/2026,Loto Diaria,9:00 PM,62,12773
5/8/2026,Loto Diaria,6:00 PM,21,12772
5/8/2026,Loto Diaria,3:00 PM,17,12771
5/8/2026,Loto Diaria,12:00 PM,93,12770
5/9/2026,Loto Diaria,9:00 PM,89,12777
5/9/2026,Loto Diaria,6:00 PM,56,12776
5/9/2026,Loto Diaria,3:00 PM,31,12775
5/9/2026,Loto Diaria,12:00 PM,50,12774
5/10/2026,Loto Diaria,9:00 PM,83,12781
5/10/2026,Loto Diaria,6:00 PM,80,12780
5/10/2026,Loto Diaria,3:00 PM,67,12779
5/10/2026,Loto Diaria,12:00 PM,87,12778
5/11/2026,Loto Diaria,9:00 PM,57,12785
5/11/2026,Loto Diaria,6:00 PM,91,12784
5/11/2026,Loto Diaria,3:00 PM,23,12783
5/11/2026,Loto Diaria,12:00 PM,27,12782
5/12/2026,Loto Diaria,9:00 PM,50,12789
5/12/2026,Loto Diaria,6:00 PM,50,12788
5/12/2026,Loto Diaria,3:00 PM,67,12787
5/12/2026,Loto Diaria,12:00 PM,29,12786
5/28/2026,Loto Diaria,9:00 PM,47,12853
5/28/2026,Loto Diaria,6:00 PM,06,12852
5/28/2026,Loto Diaria,3:00 PM,13,12851
5/28/2026,Loto Diaria,12:00 PM,18,12850
5/27/2026,Loto Diaria,9:00 PM,52,12849
5/27/2026,Loto Diaria,6:00 PM,51,12848
5/27/2026,Loto Diaria,3:00 PM,44,12847
5/27/2026,Loto Diaria,12:00 PM,79,12846
5/26/2026,Loto Diaria,9:00 PM,59,12845
5/26/2026,Loto Diaria,6:00 PM,68,12844
5/26/2026,Loto Diaria,3:00 PM,29,12843
5/26/2026,Loto Diaria,12:00 PM,33,12842
5/25/2026,Loto Diaria,9:00 PM,56,12841
5/25/2026,Loto Diaria,6:00 PM,25,12840
5/25/2026,Loto Diaria,3:00 PM,36,12839
5/25/2026,Loto Diaria,12:00 PM,12,12838
5/24/2026,Loto Diaria,9:00 PM,21,12837
5/24/2026,Loto Diaria,6:00 PM,65,12836
5/24/2026,Loto Diaria,3:00 PM,14,12835
5/24/2026,Loto Diaria,12:00 PM,93,12834
5/23/2026,Loto Diaria,9:00 PM,66,12833
5/23/2026,Loto Diaria,6:00 PM,99,12832
5/23/2026,Loto Diaria,3:00 PM,00,12831
5/23/2026,Loto Diaria,12:00 PM,42,12830
5/22/2026,Loto Diaria,9:00 PM,10,12829
5/22/2026,Loto Diaria,6:00 PM,74,12828
5/22/2026,Loto Diaria,3:00 PM,57,12827
5/22/2026,Loto Diaria,12:00 PM,56,12826
5/21/2026,Loto Diaria,9:00 PM,60,12825
5/21/2026,Loto Diaria,6:00 PM,62,12824
5/21/2026,Loto Diaria,3:00 PM,35,12823
5/21/2026,Loto Diaria,12:00 PM,05,12822
5/20/2026,Loto Diaria,9:00 PM,38,12821
5/20/2026,Loto Diaria,6:00 PM,63,12820
5/20/2026,Loto Diaria,3:00 PM,62,12819
5/20/2026,Loto Diaria,12:00 PM,95,12818
5/19/2026,Loto Diaria,9:00 PM,07,12817
5/19/2026,Loto Diaria,6:00 PM,39,12816
5/19/2026,Loto Diaria,3:00 PM,55,12815
5/19/2026,Loto Diaria,12:00 PM,20,12814
5/18/2026,Loto Diaria,9:00 PM,91,12813
5/18/2026,Loto Diaria,6:00 PM,11,12812
5/18/2026,Loto Diaria,3:00 PM,90,12811
5/18/2026,Loto Diaria,12:00 PM,58,12810
5/17/2026,Loto Diaria,9:00 PM,99,12809
5/17/2026,Loto Diaria,6:00 PM,92,12808
5/17/2026,Loto Diaria,3:00 PM,67,12807
5/17/2026,Loto Diaria,12:00 PM,45,12806
5/16/2026,Loto Diaria,9:00 PM,55,12805
5/16/2026,Loto Diaria,6:00 PM,25,12804
5/16/2026,Loto Diaria,3:00 PM,45,12803
5/16/2026,Loto Diaria,12:00 PM,45,12802
5/15/2026,Loto Diaria,9:00 PM,36,12801
5/15/2026,Loto Diaria,6:00 PM,32,12800
5/15/2026,Loto Diaria,3:00 PM,98,12799
5/15/2026,Loto Diaria,12:00 PM,95,12798
5/14/2026,Loto Diaria,9:00 PM,34,12797
5/14/2026,Loto Diaria,6:00 PM,21,12796
5/14/2026,Loto Diaria,3:00 PM,12,12795
5/14/2026,Loto Diaria,12:00 PM,14,12794
5/14/2026,Loto Diaria,11:00 AM,00,12793
5/13/2026,Loto Diaria,6:00 PM,33,12792
5/13/2026,Loto Diaria,3:00 PM,42,12791
5/13/2026,Loto Diaria,12:00 PM,43,12790
